{"cameraMode":{"drawMode":0,"name":"Shaded","section":"Shading Mode"},"sceneLighting":true,"audioPlay":false,"sceneViewState":{"showFog":true,"showMaterialUpdate":false,"showSkybox":true,"showFlares":true,"showImageEffects":true,"showParticleSystems":true},"in2DMode":false,"pivot":{"x":390.46185302734377,"y":317.0418395996094,"z":61.896026611328128},"rotation":{"x":-0.0990501344203949,"y":0.04386545717716217,"z":-0.004370431415736675,"w":-0.9941073060035706},"size":431.27880859375,"orthographic":false}